{"C:\\Users\\ZieXBT\\AppData\\Roaming\\Mozilla\\Firefox\\Profiles\\4x8pzfi0.default-release\\places.sqlite": [{"0-Title": "", "1-URL": "https://support.mozilla.org/products/firefox", "2-Creation Time": "2023-04-08 12:47:09", "3-Last Modified": "2023-04-08 12:47:28"}, {"0-Title": "menu", "1-URL": "https://support.mozilla.org/kb/customize-firefox-controls-buttons-and-toolbars?utm_source=firefox-browser&utm_medium=default-bookmarks&utm_campaign=customize", "2-Creation Time": "2023-04-08 12:47:09", "3-Last Modified": "2023-04-08 12:47:09"}, {"0-Title": "toolbar", "1-URL": "https://www.mozilla.org/contribute/", "2-Creation Time": "2023-04-08 12:47:09", "3-Last Modified": "2023-04-08 12:47:28"}, {"0-Title": "tags", "1-URL": "https://www.mozilla.org/about/", "2-Creation Time": "2023-04-08 12:47:09", "3-Last Modified": "2023-04-08 12:47:09"}, {"0-Title": "unfiled", "1-URL": "https://www.mozilla.org/firefox/?utm_medium=firefox-desktop&utm_source=bookmarks-toolbar&utm_campaign=new-users&utm_content=-global", "2-Creation Time": "2023-04-08 12:47:09", "3-Last Modified": "2023-04-08 12:47:09"}, {"0-Title": "mobile", "1-URL": "https://www.mozilla.org/privacy/firefox/", "2-Creation Time": "2023-04-08 12:47:09", "3-Last Modified": "2023-04-08 12:47:09"}, {"0-Title": "Mozilla Firefox", "1-URL": "https://www.mozilla.org/en-US/privacy/firefox/", "2-Creation Time": "2023-04-08 12:47:09", "3-Last Modified": "2023-04-08 12:47:09"}, {"0-Title": "Get Help", "1-URL": "https://www.youtube.com/", "2-Creation Time": "2023-04-08 12:47:09", "3-Last Modified": "2023-04-08 12:47:09"}, {"0-Title": "Customize Firefox", "1-URL": "https://mail.google.com/mail/u/0/#inbox", "2-Creation Time": "2023-04-08 12:47:09", "3-Last Modified": "2023-04-08 12:47:09"}, {"0-Title": "Get Involved", "1-URL": "https://www.tradingview.com/chart/PUWkgWGX/", "2-Creation Time": "2023-04-08 12:47:09", "3-Last Modified": "2023-04-08 12:47:09"}, {"0-Title": "About Us", "1-URL": "https://www.tradingview.com/chart/zZj10aga/", "2-Creation Time": "2023-04-08 12:47:09", "3-Last Modified": "2023-04-08 12:47:09"}, {"0-Title": "Getting Started", "1-URL": "https://www.tradingview.com/chart/ri7fO1C8/", "2-Creation Time": "2023-04-08 12:47:09", "3-Last Modified": "2023-04-08 12:47:09"}, {"0-Title": "YouTube", "1-URL": "https://www.forexfactory.com/", "2-Creation Time": "2023-04-08 12:47:28", "3-Last Modified": "2023-04-08 12:47:28"}, {"0-Title": "Gmail", "1-URL": "https://discord.com/channels/@me", "2-Creation Time": "2023-04-08 12:47:28", "3-Last Modified": "2023-04-08 12:47:28"}, {"0-Title": "Indices", "1-URL": "https://server224.iseencloud.com:2083/cpsess7418626593/frontend/paper_lantern/index.html?login=1&post_login=87983493580363", "2-Creation Time": "2023-04-08 12:47:28", "3-Last Modified": "2023-04-08 12:47:28"}, {"0-Title": "NWOG", "1-URL": "https://lpuin-my.sharepoint.com/personal/vatsal_11903610_lpu_in/_layouts/15/onedrive.aspx", "2-Creation Time": "2023-04-08 12:47:28", "3-Last Modified": "2023-04-08 12:47:28"}, {"0-Title": "Forex", "1-URL": "https://www.notion.so/", "2-Creation Time": "2023-04-08 12:47:28", "3-Last Modified": "2023-04-08 12:47:28"}, {"0-Title": "FX Factory ", "1-URL": "https://www.peakpx.com/en/hd-wallpaper-desktop-pcizi/download/1920x1080", "2-Creation Time": "2023-04-08 12:47:28", "3-Last Modified": "2023-04-08 12:47:28"}, {"0-Title": "Discord", "1-URL": "https://wallhaven.cc/", "2-Creation Time": "2023-04-08 12:47:28", "3-Last Modified": "2023-04-08 12:47:28"}, {"0-Title": "cPanel", "1-URL": "https://twitter.com/home", "2-Creation Time": "2023-04-08 12:47:28", "3-Last Modified": "2023-04-08 12:47:28"}, {"0-Title": "OneDrive", "1-URL": "https://www.notion.so/ziexbt/Trade-Journal-a97431e8b20d4aa5ad81849b959b5bd7", "2-Creation Time": "2023-04-08 12:47:28", "3-Last Modified": "2023-04-08 12:47:28"}, {"0-Title": "Notion", "1-URL": "https://web.telegram.org/z/", "2-Creation Time": "2023-04-08 12:47:28", "3-Last Modified": "2023-04-08 12:47:28"}, {"0-Title": "Walls", "1-URL": "https://myfundedfx.tech/dashboard", "2-Creation Time": "2023-04-08 12:47:28", "3-Last Modified": "2023-04-08 12:47:28"}, {"0-Title": "Walls 2", "1-URL": "https://arjoio.notion.site/arjoio/Arjo-s-Helping-Hand-e21539bee7fe4fc8b9243744848baaa4", "2-Creation Time": "2023-04-08 12:47:28", "3-Last Modified": "2023-04-08 12:47:28"}, {"0-Title": "Walls", "1-URL": "https://docs.google.com/document/d/14x_13c98oq3u-FrVWK3Nh9gGLYKzBzgLgBRTdgOBAhs/edit", "2-Creation Time": "2023-04-08 12:47:28", "3-Last Modified": "2023-04-08 12:47:28"}, {"0-Title": "Twitter", "1-URL": "https://sirpickle.notion.site/7cb3445eb8ca4df58c9309619f7a84c0?v=9e21243bb63a4cf4baa80489c2405831", "2-Creation Time": "2023-04-08 12:47:28", "3-Last Modified": "2023-04-08 12:47:28"}, {"0-Title": "Trade Journal", "1-URL": "https://assorted-journey-466.notion.site/Weekly-Profile-Template-23647dc1b03c4e7d9178d3d128898004", "2-Creation Time": "2023-04-08 12:47:28", "3-Last Modified": "2023-04-08 12:47:28"}, {"0-Title": "Telegram", "1-URL": "https://www.mozilla.org/en-US/firefox/download/thanks/", "2-Creation Time": "2023-04-08 12:47:28", "3-Last Modified": "2023-04-08 12:47:28"}, {"0-Title": "MFFX", "1-URL": "https://www.mozilla.org/en-US/firefox/new/", "2-Creation Time": "2023-04-08 12:47:28", "3-Last Modified": "2023-04-08 12:47:28"}, {"0-Title": "Arjo\u2019s Helping Hand", "1-URL": "https://www.google.com/search?q=firefox&oq=firefox&aqs=chrome..69i57j0i20i263i512j0i20i263i433i512j0i512j0i131i433i512j0i433i512l2j69i61.1599j0j7&sourceid=chrome&ie=UTF-8", "2-Creation Time": "2023-04-08 12:47:28", "3-Last Modified": "2023-04-08 12:47:28"}, {"0-Title": "2023 ", "1-URL": "https://www.nirsoft.net/password_recovery_tools.html", "2-Creation Time": "2023-04-08 12:47:28", "3-Last Modified": "2023-04-08 12:47:28"}, {"0-Title": "ICT 2023 Mentorship", "1-URL": "https://www.nirsoft.net/utils/chromepass.html", "2-Creation Time": "2023-04-08 12:47:28", "3-Last Modified": "2023-04-08 12:47:28"}, {"0-Title": "Weekly Profile Template", "1-URL": "https://www.google.com/search?q=ChromePass&sourceid=chrome&ie=UTF-8", "2-Creation Time": "2023-04-08 12:47:28", "3-Last Modified": "2023-04-08 12:47:28"}]}