{"C:\\Users\\ZieXBT\\AppData\\Roaming\\Mozilla\\Firefox\\Profiles\\4x8pzfi0.default-release\\cookies.sqlite": [{"1-Host": ".google.com", "2-Name": "AEC", "3-Value": "AUEFqZd1E2Oxp2qeMrPwFTTB7EwbLSfsZue1P7XOILq8T3oinAKw7QgcIR8", "4-Path": "/", "5-Expiry": "2023-10-05 12:47:48", "6-Last Access": "2023-04-08 12:47:47", "7-Creation Time": "2023-04-08 12:47:47", "8-Secure": "Yes", "9-HttpOnly": "Yes"}, {"1-Host": "ogs.google.com", "2-Name": "OTZ", "3-Value": "6977238_34_34__34_", "4-Path": "/", "5-Expiry": "2023-05-08 12:47:49", "6-Last Access": "2023-04-08 12:47:49", "7-Creation Time": "2023-04-08 12:47:49", "8-Secure": "Yes", "9-HttpOnly": "No"}, {"1-Host": ".google.com", "2-Name": "1P_JAR", "3-Value": "2023-04-08-07", "4-Path": "/", "5-Expiry": "2023-05-08 12:47:50", "6-Last Access": "2023-04-08 12:47:49", "7-Creation Time": "2023-04-08 12:47:47", "8-Secure": "Yes", "9-HttpOnly": "No"}, {"1-Host": ".google.com", "2-Name": "NID", "3-Value": "511=MDbhr-srYtda58KXlAR5OX26RTWTytc8rzW46U7FisLIFbExQLZndtYJi8dNzPzz_--i_90x1pzPrtCiSEVqGsVkpDFKUDUHU1Jcwo-Ey-Ou8z7FcyjxxEDgH_KiOrTmuiP6MdXnKTitNOMXL8rv0-KgcWPetgq-sBKrjFQVlM8", "4-Path": "/", "5-Expiry": "2023-10-08 12:47:50", "6-Last Access": "2023-04-08 12:47:49", "7-Creation Time": "2023-04-08 12:47:47", "8-Secure": "Yes", "9-HttpOnly": "Yes"}]}