{"C:\\Users\\ZieXBT\\AppData\\Roaming\\Mozilla\\Firefox\\Profiles\\4x8pzfi0.default-release\\SiteSecurityServiceState.txt": [{"0-Site": "classify-client.services.mozilla.com", "1-Type": "HSTS", "2-Access-Score": "0", "3-Last-Access": "2023-04-07 00:00:00", "4-Expiry-Date": "2024-04-07 12:47:10", "5-Security-Property-State": "1 - Enabled", "6-Include-Subdomains": "No"}, {"0-Site": "scanner.tradingview.com^partitionKey=%28http%2Ctradingview.com%29", "1-Type": "HSTS", "2-Access-Score": "0", "3-Last-Access": "2023-04-07 00:00:00", "4-Expiry-Date": "2025-04-07 12:47:41", "5-Security-Property-State": "1 - Enabled", "6-Include-Subdomains": "Yes"}, {"0-Site": "www.forexfactory.com^partitionKey=%28http%2Cforexfactory.com%29", "1-Type": "HSTS", "2-Access-Score": "0", "3-Last-Access": "2023-04-07 00:00:00", "4-Expiry-Date": "2023-04-08 12:52:43", "5-Security-Property-State": "1 - Enabled", "6-Include-Subdomains": "Yes"}, {"0-Site": "firefox.settings.services.mozilla.com", "1-Type": "HSTS", "2-Access-Score": "0", "3-Last-Access": "2023-04-07 00:00:00", "4-Expiry-Date": "2024-04-07 12:47:08", "5-Security-Property-State": "1 - Enabled", "6-Include-Subdomains": "No"}, {"0-Site": "charts-storage.tradingview.com^partitionKey=%28http%2Ctradingview.com%29", "1-Type": "HSTS", "2-Access-Score": "0", "3-Last-Access": "2023-04-07 00:00:00", "4-Expiry-Date": "2025-04-07 12:47:40", "5-Security-Property-State": "1 - Enabled", "6-Include-Subdomains": "Yes"}, {"0-Site": "mail.google.com^partitionKey=%28http%2Cgoogle.com%29", "1-Type": "HSTS", "2-Access-Score": "0", "3-Last-Access": "2023-04-07 00:00:00", "4-Expiry-Date": "2023-08-12 12:47:33", "5-Security-Property-State": "1 - Enabled", "6-Include-Subdomains": "Yes"}, {"0-Site": "incoming.telemetry.mozilla.org", "1-Type": "HSTS", "2-Access-Score": "0", "3-Last-Access": "2023-04-07 00:00:00", "4-Expiry-Date": "2024-04-07 12:47:13", "5-Security-Property-State": "1 - Enabled", "6-Include-Subdomains": "No"}, {"0-Site": "aus5.mozilla.org", "1-Type": "HSTS", "2-Access-Score": "0", "3-Last-Access": "2023-04-07 00:00:00", "4-Expiry-Date": "2024-04-07 12:47:13", "5-Security-Property-State": "1 - Enabled", "6-Include-Subdomains": "No"}, {"0-Site": "news-headlines.tradingview.com^partitionKey=%28http%2Ctradingview.com%29", "1-Type": "HSTS", "2-Access-Score": "0", "3-Last-Access": "2023-04-07 00:00:00", "4-Expiry-Date": "2025-04-07 12:47:40", "5-Security-Property-State": "1 - Enabled", "6-Include-Subdomains": "Yes"}, {"0-Site": "contile.services.mozilla.com", "1-Type": "HSTS", "2-Access-Score": "0", "3-Last-Access": "2023-04-07 00:00:00", "4-Expiry-Date": "2024-04-07 12:47:14", "5-Security-Property-State": "1 - Enabled", "6-Include-Subdomains": "No"}, {"0-Site": "www.google.com^partitionKey=%28http%2Cgoogle.com%29", "1-Type": "HSTS", "2-Access-Score": "0", "3-Last-Access": "2023-04-07 00:00:00", "4-Expiry-Date": "2024-04-07 12:47:47", "5-Security-Property-State": "1 - Enabled", "6-Include-Subdomains": "No"}, {"0-Site": "www.tradingview.com^partitionKey=%28http%2Ctradingview.com%29", "1-Type": "HSTS", "2-Access-Score": "0", "3-Last-Access": "2023-04-07 00:00:00", "4-Expiry-Date": "2025-04-07 12:47:38", "5-Security-Property-State": "1 - Enabled", "6-Include-Subdomains": "Yes"}, {"0-Site": "location.services.mozilla.com", "1-Type": "HSTS", "2-Access-Score": "0", "3-Last-Access": "2023-04-07 00:00:00", "4-Expiry-Date": "2024-04-07 12:47:09", "5-Security-Property-State": "1 - Enabled", "6-Include-Subdomains": "Yes"}, {"0-Site": "shavar.services.mozilla.com^firstPartyDomain=safebrowsing.86868755-6b82-4842-b301-72671a0db32e.mozilla", "1-Type": "HSTS", "2-Access-Score": "0", "3-Last-Access": "2023-04-07 00:00:00", "4-Expiry-Date": "2024-04-07 12:47:13", "5-Security-Property-State": "1 - Enabled", "6-Include-Subdomains": "Yes"}, {"0-Site": "discord.com^partitionKey=%28http%2Cdiscord.com%29", "1-Type": "HSTS", "2-Access-Score": "0", "3-Last-Access": "2023-04-07 00:00:00", "4-Expiry-Date": "2024-04-07 12:47:47", "5-Security-Property-State": "1 - Enabled", "6-Include-Subdomains": "Yes"}, {"0-Site": "www.mozilla.org^partitionKey=%28http%2Cmozilla.org%29", "1-Type": "HSTS", "2-Access-Score": "0", "3-Last-Access": "2023-04-07 00:00:00", "4-Expiry-Date": "2024-04-07 12:47:11", "5-Security-Property-State": "1 - Enabled", "6-Include-Subdomains": "No"}, {"0-Site": "ogs.google.com^partitionKey=%28http%2Cgoogle.com%29", "1-Type": "HSTS", "2-Access-Score": "0", "3-Last-Access": "2023-04-07 00:00:00", "4-Expiry-Date": "2024-04-07 12:47:49", "5-Security-Property-State": "1 - Enabled", "6-Include-Subdomains": "No"}, {"0-Site": "accounts.google.com^partitionKey=%28http%2Cgoogle.com%29", "1-Type": "HSTS", "2-Access-Score": "0", "3-Last-Access": "2023-04-07 00:00:00", "4-Expiry-Date": "2024-04-07 12:47:33", "5-Security-Property-State": "1 - Enabled", "6-Include-Subdomains": "Yes"}, {"0-Site": "pine-facade.tradingview.com^partitionKey=%28http%2Ctradingview.com%29", "1-Type": "HSTS", "2-Access-Score": "0", "3-Last-Access": "2023-04-07 00:00:00", "4-Expiry-Date": "2025-04-07 12:47:40", "5-Security-Property-State": "1 - Enabled", "6-Include-Subdomains": "Yes"}, {"0-Site": "normandy.cdn.mozilla.net", "1-Type": "HSTS", "2-Access-Score": "0", "3-Last-Access": "2023-04-07 00:00:00", "4-Expiry-Date": "2024-04-07 12:47:09", "5-Security-Property-State": "1 - Enabled", "6-Include-Subdomains": "No"}]}