{"C:\\Users\\ZieXBT\\AppData\\Roaming\\Mozilla\\Firefox\\Profiles\\4x8pzfi0.default-release\\prefs.js": [{"000000-App Normandy First run": "false"}, {"000001-App Normandy Migrationsapplied": "12"}, {"000002-App Normandy User id": "6ca34e46-dee0-4af6-8e7a-67a222c8b6dc"}, {"000003-App Update Auto Migrated": "true"}, {"000004-App Update Background Lastinstalledtaskversion": "3"}, {"000005-App Update Background Rolledout": "true"}, {"000006-App Update Lastupdatetime Addon-background-update-timer": "0"}, {"000007-App Update Lastupdatetime Background-update-timer": "0"}, {"000008-App Update Lastupdatetime Browser-cleanup-thumbnails": "2023-04-08 12:47:36"}, {"000009-App Update Lastupdatetime Recipe-client-addon-run": "2023-04-08 12:47:11"}, {"000010-App Update Lastupdatetime Region-update-timer": "0"}, {"000011-App Update Lastupdatetime Rs-experiment-loader-timer": "2023-04-08 12:47:09"}, {"000012-App Update Lastupdatetime Search-engine-update-timer": "0"}, {"000013-App Update Lastupdatetime Services-settings-poll-changes": "0"}, {"000014-App Update Lastupdatetime Xpi-signature-verification": "0"}, {"000015-App Update Migrated Updatedir3 308046b0af4a39cb": "true"}, {"000016-Browser Bookmarks Restore default bookmarks": "false"}, {"000017-Browser Contentblocking Category": "standard"}, {"000018-Browser Contextual-services Contextid": "{9afc17f2-203a-4baf-9b5f-32f5d6635440}"}, {"000019-Browser Download Viewableinternally Typewasregistered Avif": "true"}, {"000020-Browser Download Viewableinternally Typewasregistered Webp": "true"}, {"000021-Browser Laterrun Bookkeeping Profilecreationtime": "2023-04-08 12:47:10"}, {"000022-Browser Laterrun Bookkeeping Sessioncount": "1"}, {"000023-Browser Laterrun Enabled": "true"}, {"000024-Browser Launcherprocess Enabled": "true"}, {"000025-Browser Migration Version": "136"}, {"000026-Browser Newtabpage Activity-stream Discoverystream Rec Impressions": "{\\161537\\:1680938257215,\\161868\\:1680938257212,\\161877\\:1680938257214}"}, {"000027-Browser Newtabpage Activity-stream Impressionid": "{de0d69cb-6600-4edd-89d1-5f1f40f019a0}"}, {"000028-Browser Newtabpage Storageversion": "1"}, {"000029-Browser Pageactions Persistedactions": "{\\ids\\:[\\bookmark\\],\\idsInUrlbar\\:[\\bookmark\\],\\idsInUrlbarPreProton\\:[],\\version\\:1}"}, {"000030-Browser Pagethumbnails Storage version": "3"}, {"000031-Browser Privacysegmentation Createdshortcut": "true"}, {"000032-Browser Proton Toolbar Version": "3"}, {"000033-Browser Region Update Updated": "1680938229"}, {"000034-Browser Safebrowsing Provider Google4 Lastupdatetime": "1680938245158"}, {"000035-Browser Safebrowsing Provider Google4 Nextupdatetime": "1680940060158"}, {"000036-Browser Safebrowsing Provider Mozilla Lastupdatetime": "1680938236979"}, {"000037-Browser Safebrowsing Provider Mozilla Nextupdatetime": "1680959836979"}, {"000038-Browser Search Region": "IN"}, {"000039-Browser Shell Didskipdefaultbrowsercheckonfirstrun": "true"}, {"000040-Browser Startup Couldrestoresession Count": "1"}, {"000041-Browser Startup Homepage override Buildid": "20230321111920"}, {"000042-Browser Startup Homepage override Mstone": "111.0.1"}, {"000043-Browser Startup Lastcoldstartupcheck": "2023-04-08 12:47:11"}, {"000044-Browser Theme Toolbar-theme": "0"}, {"000045-Browser Toolbars Bookmarks Visibility": "always"}, {"000046-Browser Uicustomization State": "{\\placements\\:{\\widget-overflow-fixed-list\\:[],\\unified-extensions-area\\:[],\\nav-bar\\:[\\back-button\\,\\forward-button\\,\\stop-reload-button\\,\\customizableui-special-spring1\\,\\urlbar-container\\,\\customizableui-special-spring2\\,\\save-to-pocket-button\\,\\downloads-button\\,\\fxa-toolbar-menu-button\\],\\toolbar-menubar\\:[\\menubar-items\\],\\TabsToolbar\\:[\\firefox-view-button\\,\\tabbrowser-tabs\\,\\new-tab-button\\,\\alltabs-button\\],\\PersonalToolbar\\:[\\personal-bookmarks\\]},\\seen\\:[\\save-to-pocket-button\\,\\developer-button\\],\\dirtyAreaCache\\:[\\nav-bar\\,\\PersonalToolbar\\],\\currentVersion\\:19,\\newElementCount\\:2}"}, {"000047-Browser Urlbar Placeholdername": "Google"}, {"000048-Browser Urlbar Quicksuggest Migrationversion": "2"}, {"000049-Browser Urlbar Quicksuggest Scenario": "history"}, {"000050-Datareporting Policy Datasubmissionpolicyacceptedversion": "2"}, {"000051-Datareporting Policy Datasubmissionpolicynotifiedtime": "1680938233654"}, {"000052-Distribution Inifile Exists Appversion": "111.0.1"}, {"000053-Distribution Inifile Exists Value": "false"}, {"000054-Doh-rollout Donefirstrun": "true"}, {"000055-Doh-rollout Home-region": "IN"}, {"000056-Dom Forms Autocomplete Formautofill": "true"}, {"000057-Dom Push Useragentid": "254453de6a3d457fb4a7abad9939ab3a"}, {"000058-Extensions Activethemeid": "default-theme@mozilla.org"}, {"000059-Extensions Blocklist Pingcountversion": "0"}, {"000060-Extensions Databaseschema": "35"}, {"000061-Extensions Getaddons Databaseschema": "6"}, {"000062-Extensions Lastappbuildid": "20230321111920"}, {"000063-Extensions Lastappversion": "111.0.1"}, {"000064-Extensions Lastplatformversion": "111.0.1"}, {"000065-Extensions Pendingoperations": "false"}, {"000066-Extensions Pictureinpicture Enable picture in picture overrides": "true"}, {"000067-Extensions Systemaddonset": "{\\schema\\:1,\\addons\\:{}}"}, {"000068-Extensions Webcompat Enable shims": "true"}, {"000069-Extensions Webcompat Perform injections": "true"}, {"000070-Extensions Webcompat Perform ua overrides": "true"}, {"000071-Extensions Webextensions Extensionstorageidb Migrated Screenshots@mozilla Org": "true"}, {"000072-Extensions Webextensions Uuids": "{\\formautofill@mozilla.org\\:\\f1bfaad8-6747-4588-afde-069ff8563abe\\,\\pictureinpicture@mozilla.org\\:\\4d260684-cb9b-495d-8fe3-65b27982ca66\\,\\screenshots@mozilla.org\\:\\d420c24a-e625-4296-ad4d-73a6f69661c7\\,\\webcompat-reporter@mozilla.org\\:\\acfd4f73-319d-444e-a565-39f6b0b2c5a3\\,\\webcompat@mozilla.org\\:\\82afaacf-c98c-4cf2-9a3e-8d9ae1ac61b1\\,\\default-theme@mozilla.org\\:\\0b2b0a27-af25-4928-b02e-67a50eea1478\\,\\addons-search-detection@mozilla.com\\:\\7dc239ae-3dea-4c3f-aa42-6d51a3de68b8\\,\\google@search.mozilla.org\\:\\d2112fd8-0ac4-4c4b-8eb3-f04d8b87005c\\,\\wikipedia@search.mozilla.org\\:\\10098f8b-b614-4529-9f89-7a98c3b4612a\\,\\bing@search.mozilla.org\\:\\8d1676b8-fd17-4156-9ca4-e148353894e8\\,\\ddg@search.mozilla.org\\:\\68852281-19b9-4d89-9fbf-4e498fff26fb\\}"}, {"000073-Gecko Handlerservice Defaulthandlersversion": "1"}, {"000074-Gfx-shader-check Build-version": "20230321111920"}, {"000075-Gfx-shader-check Device-id": "0x25a2"}, {"000076-Gfx-shader-check Driver-version": "31.0.15.3129"}, {"000077-Gfx-shader-check Ptr-size": "8"}, {"000078-Media Gmp Storage Version Observed": "1"}, {"000079-Media Hardware-video-decoding Failed": "false"}, {"000080-Nimbus Syncdatastore Shellservice": "{\\slug\\:\\set-firefox-as-default-pdf-handler-on-windows-for-new-users-rollout\\,\\branch\\:{\\slug\\:\\treatment\\,\\ratio\\:1,\\feature\\:{\\value\\:null,\\enabled\\:true,\\featureId\\:\\shellService\\},\\features\\:null},\\active\\:true,\\enrollmentId\\:\\a5cb8b77-7f90-4d03-8980-045b7eec3f18\\,\\experimentType\\:\\nimbus\\,\\source\\:\\rs-loader\\,\\userFacingName\\:\\S"}, {"000081-Nimbus Syncdatastore Shellservice Disablepin": "false"}, {"000082-Nimbus Syncdatastore Shellservice Setdefaultbrowseruserchoice": "true"}, {"000083-Nimbus Syncdatastore Shellservice Setdefaultpdfhandler": "true"}, {"000084-Nimbus Syncdatastore Shellservice Setdefaultpdfhandleronlyreplacebrowsers": "true"}, {"000085-Nimbus Syncdefaultsstore Aboutwelcome": "{\\slug\\:\\first-run-easy-set-up-fx108-rollout\\,\\branch\\:{\\slug\\:\\rollout\\,\\ratio\\:1,\\feature\\:{\\value\\:null,\\enabled\\:true,\\featureId\\:\\aboutwelcome\\},\\features\\:null},\\active\\:true,\\enrollmentId\\:\\cf97ec91-4d31-45cc-9ce8-29070d638050\\,\\experimentType\\:\\rollout\\,\\source\\:\\rs-loader\\,\\userFacingName\\:\\Fir"}, {"000086-Nimbus Syncdefaultsstore Aboutwelcome Id": "easy-set-up-fx-108:rollout"}, {"000087-Nimbus Syncdefaultsstore Aboutwelcome Screens": "[{\\id\\:\\AW_EASY_SETUP\\,\\content\\:{\\logo\\:{},\\tiles\\:{\\data\\:[{\\id\\:\\checkbox-1\\,\\label\\:{\\string_id\\:\\mr2022-onboarding-set-default-primary-button-label\\},\\action\\:{\\type\\:\\SET_DEFAULT_BROWSER\\},\\defaultValue\\:true},{\\id\\:\\checkbox-2\\,\\label\\:{\\string_id\\:\\mr2022-onboarding-import-primary-button-label-no-attribution\\},\\action\\:{\\data\\:{},\\type\\:\\SHOW_MIGRATION_WIZARD\\},\\defaultValue\\:true}],\\type\\:\\multiselect\\},\\title\\:{\\string_id\\:\\mr2022-onboarding-set-default-title\\},\\position\\:\\split\\,\\subtitle\\:{\\string_id\\:\\mr2022-onboarding-set-default-subtitle\\},\\background\\:\\url('chrome://activity-stream/content/data/content/assets/mr-settodefault.svg"}, {"000088-Nimbus Syncdefaultsstore Aboutwelcome Skipfocus": "true"}, {"000089-Nimbus Syncdefaultsstore Aboutwelcome Transitions": "true"}, {"000090-Pdfjs Enabledcache State": "true"}, {"000091-Pdfjs Migrationversion": "2"}, {"000092-Privacy Sanitize Pending": "[]"}, {"000093-Sanity-test Device-id": "0x25a2"}, {"000094-Sanity-test Driver-version": "31.0.15.3129"}, {"000095-Sanity-test Running": "false"}, {"000096-Sanity-test Version": "20230321111920"}, {"000097-Security Sandbox Content Tempdirsuffix": "{e6cc2c86-a7b4-4529-9931-1c8a5171e7d6}"}, {"000098-Services Sync Engine Addresses Available": "true"}, {"000099-Toolkit Startup Last success": "2023-04-08 12:47:05"}, {"000100-Toolkit Telemetry Cachedclientid": "5cc78e68-8382-4ac1-8c7c-fa06e3cde7f8"}, {"000101-Toolkit Telemetry Previousbuildid": "20230321111920"}, {"000102-Toolkit Telemetry Reportingpolicy Firstrun": "false"}, {"000103-Trailhead Firstrun Didseeaboutwelcome": "true"}, {"000104-Ui Osk Debug Keyboarddisplayreason": "IKPO"}]}