{"C:\\Users\\ZieXBT\\AppData\\Local\\Mozilla\\Firefox\\Profiles\\4x8pzfi0.default-release\\thumbnails": [{"0-File": "C:\\Users\\ZieXBT\\AppData\\Local\\Mozilla\\Firefox\\Profiles\\4x8pzfi0.default-release\\thumbnails\\15eca603738f050017aeb9c62394dd02.png"}, {"0-File": "C:\\Users\\ZieXBT\\AppData\\Local\\Mozilla\\Firefox\\Profiles\\4x8pzfi0.default-release\\thumbnails\\2122c5656da3d86d77c08f7af48c0268.png"}, {"0-File": "C:\\Users\\ZieXBT\\AppData\\Local\\Mozilla\\Firefox\\Profiles\\4x8pzfi0.default-release\\thumbnails\\786e5d9ec7d6e2f05fe8e85bc3efb8fd.png"}, {"0-File": "C:\\Users\\ZieXBT\\AppData\\Local\\Mozilla\\Firefox\\Profiles\\4x8pzfi0.default-release\\thumbnails\\7aa20ca4568b7d2e6cc2a74c7396eb06.png"}, {"0-File": "C:\\Users\\ZieXBT\\AppData\\Local\\Mozilla\\Firefox\\Profiles\\4x8pzfi0.default-release\\thumbnails\\e9be288997b3a0ef690a7576023678b9.png"}]}